Korean Word,English Meaning,Hindi Meaning
가게,"store, shop",इकट्ठा करना
가격,price,कीमत
가구,furniture,फर्नीचर
가깝다,close,पास हो
가끔,sometimes,कभी-कभी
가다,go,जाना
가르치다,teach,पढ़ाना
가방,bag,थैला
가볍다,light,रोशनी
가수,singer,गायक
가슴,"chest, breast",छाती
가요,song,गाना
가운데,middle,मध्य
가위,scissors,कैंची
가을,"autumn, fall",शरद ऋतु
가장,most,अधिकांश
가져가다,take away,लेना
가져오다,bring,लाना
가족,family,परिवार
가지,branch,बैंगन
가지다,have,पास होना
각,each,प्रत्येक
간,while,जिगर
간단하다,"simple, easy",यह सरल है
간단히,simply,केवल
간식,snack,नाश्ता
간장,soy sauce,सोया सॉस
간호사,nurse,देखभाल करना
갈비,"Galvi, spareribs",पसली
갈비탕,"Galbitang, spareribs soup",गैलबिटांग
갈색,brown,भूरा
갈아타다,transfer,परिवर्तन
감,persimmon,ख़ुरमा
감기,cold,ठंडा
감기약,cold medicine,सर्दी की दवा
감다,close ~ (eyes),मोड़ना
감동,sensation,ले जाया गया
감동하다,be impressed,प्रभावित
감사,thank,धन्यवाद
감사드립니다,thank you,धन्यवाद
결과,result,परिणाम
결정,decision,फ़ैसला
결정하다,decide,तय करना
결혼,marriage,शादी
결혼식,wedding ceremony,शादी की रस्म
결혼하다,get married,शादी करना
경기,"competition, game",खेल
경기장,"stadium, arena",स्टेडियम
경복궁,Gyeongbokgung,ग्योंगबोकगंग पैलेस
경주,Gyeongju,दौड़
경찰,police,पुलिस
경찰관,police officer,पुलिस अधिकारी
경찰서,police office,पुलिस कार्यालय
경치,"view, landscape",दृश्य
경험,experience,अनुभव
계단,stairs,सीढ़ियाँ
계란,egg,अंडा
계산하다,calculate,calculate
계속,continue,जारी रखना
계시다,"be, exist (honorific form)",वहाँ होना
계절,season,मौसम
계획,plan,योजना
고기,meat,मांस
고등학교,high school,हाई स्कूल
고등학생,high school student,हाई स्कूल के छात्र
고르다,choose,चुनना
고마웠습니다,Thank you (past tense),धन्यवाद
고맙다,thank,धन्यवाद
고맙습니다,Thank you,धन्यवाद
고모,paternal aunt,चाची
고모부,paternal uncle,चाचा
고속버스,express bus,एक्सप्रेस बस
고양이,cat,बिल्ली
고장,"broken, malfunction",टूट - फूट
고추,red pepper,काली मिर्च
고추장,"Kochujang, red pepper paste",मिर्च का पेस्ट
고치다,fix,हल करना
고프다,hungry,मुझे भूख लगी है
고향,hometown,गृहनगर
곧,soon,जल्द ही
구월,September,सितम्बर
구하다,"save, seek, get",पाना
국,soup,शोरबा
국내,domestic,घरेलू
국립,"nationalestablished, state",स्थापना
국수,noodle,सिर
국어,Korean language,कोरियाई
국적,"nationality, country of citizenship",राष्ट्रीयता
국제,international,अंतरराष्ट्रीय
군인,"soldier, military personnel",सैनिक
굽다,bake,विवाद
권,~ book(s),आयतन
귀,ear,कान
귀엽다,cute,प्यारा
규칙,rule,नियम
귤,mandarin orange,MANDARIN
그,it,वह
그거,it,वह
그것,it,वह
그곳,there,वहाँ
그날,that day,उस दिन
그냥,"just, as it is",अभी
그동안,"meantime, meanwhile, up to now",इस बीच में
그들,"them, they",उन्हें
그때,"then, at that time",उस समय
그래,"Yes, Yeah",ठीक है
그래서,"so, thus",इसलिए
그램,gram,ग्राम
그러나,"but, however",तथापि
그러니까,"so, because",इसलिए
그러면,"then, if so",तब
그런,"then, such",वह
그런데,"by the way, however",तथापि
그럼,then,तब
그렇게,"like that, so",उस तरह
그렇구나,"well, I see.",अच्छा ऐसा है
그렇다,"Yes, that's it.",हाँ
그렇습니다,That's right.,हाँ
그렇지만,"nevertheless, but",लेकिन
그릇,"bowl, container, tableware",कटोरा
김치찌개,Kimchi stew,किम्ची सूप
김포공항,Gimpo International Airport,जिम्पो हवाई अड्डा
까만색,black color,काला
까맣다,black,यह काला है
깎다,"cut, shave",मार मार कर तोड़ देना
깜짝,"startled, surprised",आश्चर्य
깨끗하다,clean,साफ
깨다,"wake up, crack, break",तोड़ना
깨지다,"chip, crack, break",चिप
꺼내다,take out,साथ ले जाएं
껌,chewing gum,च्यूइंग गम
꼭,"exactly, absolutely",कृपया
꽃,flower,फूल
꽃집,florist,फूलों की दुकान
꾸다,dream,सपना
꿈,dream,सपना
끄다,"turn off, extinguish, stop",बंद करें
끓이다,boil,उबलना
끝,end,अंत
끝나다,"finish, end",अंत
끝내다,finish,खत्म करना
끼다,"put on, plug, (fog) rolls in",तह करना
나,I,मुझे
나가다,"go out, get out",बाहर जाओ
나누다,"share, divide",विभाजित करना
나다,"occur, come out",बढ़ना
나라,country,देश
나무,tree,पेड़
나빠지다,"spoil, deteriorate",बदतर हो
나쁘다,bad,खराब
나오다,"come out, appear",बाहर आओ
나이,"age, old",आयु
나중,"later, after",बाद में
나타나다,appear,के जैसा लगना
나흘,four days,चार दिन
낚시,fishing,मछली का कांटा
날,day,मुझे
날씨,weather,मौसम
날짜,date,तारीख
남,"south, man",अन्य
노래방,Karaoke shop,कराओके
노래하다,sing,गाओ
노력하다,"endeavor, strive",कठिन प्रयास
노트,note,टिप्पणियाँ
녹색,green,हरा
녹차,green tea,हरी चाय
놀다,play,खेल
놀라다,be surprised,हैरान
농구,basketball,बास्केटबाल
높다,high,ऊँचा हो
놓다,put,रखना
누가,who,कौन
누구,who,कौन
누나,sister (as seen from the younger brother),बड़ी बहन
누르다,"press down, push",प्रेस
눈,"eye, snow",आँख
눈물,tear,अश्रु
눈사람,snowman,हिम मानव
눈싸움,"staring contest, snowball fight",बर्फ के गेंद से लड़ाई
눕다,"lie down, sleep",लेट जाओ
뉴스,news,समाचार
뉴욕,New York,न्यूयॉर्क
느끼다,feel,अनुभव करना
느낌,feeling,अनुभव करना
느리다,slow,धीमा
늘,always,हमेशा
늘다,"gain, increase",पाना
능력,ability,क्षमता
늦다,"late, delay",देर
늦잠,"overslept, sleeping in late",अधिक सोया
님,Sir,महोदय
다,"all, whole",सभी
다녀오다,"return, come back",वापस आओ
다니다,"go, commute",जाना
다르다,different,अलग
다른,"other ~, another ~, different ~",अलग
다리,"bridge, leg, foot",टांग
다섯,5,पाँच
다시,again,दोबारा
다음,"next, after",अगला
더운물,hot water,गरम पानी
덕분,"thanks for, thanks to",धन्यवाद
덥다,hot,गर्मी है
덮다,cover,ढकना
데리다,"bring, take along",साथ दिया जाए
데이트,"date, dating",तारीख
도로,road,सड़क का नाम
도서관,library,पुस्तकालय
도시,city,शहर
도와주다,help,मदद
도움,"help, assistance",मदद
도착,arrival,आना
도착하다,arrive,आना
도쿄,Tokyo,टोक्यो
독서,reading,पढ़ना
독서실,reading room,वचनालय
독서하다,read,पढ़ना
독일,Germany,जर्मनी
돈,money,धन
돌아가다,"return, go back",वापस करना
돌아오다,"come back, come home",वापस आओ
돕다,help,मदद
동네,"town, neighborhood",अड़ोस-पड़ोस
동대문시장,Dongdaemun market,डोंगडेमुन बाज़ार
동물,animal,जानवर
동생,"brother, sister",छोटा भाई
동아리,"club, group",क्लब
동안,"during, between",दौरान
동양,"eastern, orient",पूरब
동전,coin,सिक्का
동쪽,east,पूर्व
돼지,pig,सुअर
돼지고기,pork,सुअर का माँस
되다,become,बनना
된장,fermented soybean paste,सोयाबीन की लेई
된장국,soybean paste soup,मिसो सूप
된장찌개,soybean paste stew,सोयाबीन पेस्ट सूप
두,two,दो
두껍다,thick,मोटा
두다,put,बिछाना
똑바로,"upright, straight",ईमानदार
뛰다,run,धड़कना
뜨겁다,hot,गर्म
뜨다,"rise, open (the eyes)",Knit
뜻,meaning,अर्थ
라디오,radio,रेडियो
라면,ramen,ramen
러시아,Russia,रूस
로션,skin lotion,लोशन
마늘,garlic,लहसुन
마르다,dry,सूखा
마리,"~ animal(s), ~ head(s)",जानवरों की संख्या
마시다,drink,पीना
마음,"mind, feeling",दिमाग
마지막,last,अंतिम
마치다,"finish, end",खत्म करना
마흔,40,चालीस
막히다,"be blocked, be clogged",गलत नहीं
만,"only, ten thousand",केवल
만나다,meet,मिलो
만두,dumpling,उबाली हुई पकौड़ी
만들다,"make, create",बनाना
만일,"if, should",चाहिए
만지다,touch,छूना
만화,"comic book, cartoon",हास्य पुस्तक
많다,many,बहुत
많이,"a lot of, many",अनेक
말,"word, talk",शब्द
말씀,"words, remarks",शब्द
말씀하다,talk,बोलना
말하기,speaking,बोला जा रहा है
말하다,"say, talk",कहना
맑다,"clear, clean",स्पष्ट
맛,"flavor, taste",स्वाद
맛없다,not delicious,यह स्वादिष्ट नहीं है
맛있다,delicious,अच्छी बात है
맞다,"right, fit, correct",सही
맞습니다,That's right.,आप ठीक कह रहे हैं
맞아요,That's right.,यह सही है
맞은편,"across, the other side, opposite",विलोम
못하다,~ can not do,नहीं कर सकता
몽골,Mongolia,मंगोलिया
무,radish,मूली
무겁다,heavy,भारी हो
무궁화,rose of sharon,शेरोन का गुलाब
무료,free,मुक्त
무릎,knee,घुटना
무리,"swarm, unreasonable",कंपनी
무섭다,scary,डरावना
무슨,what,क्या
무엇,what,क्या
무엇이,what,क्या
무역,trade,व्यापार
무용,dance,नृत्य
무척,very,बहुत
문,"door, gate",दरवाजा
문구점,stationery store,स्टेशनरी की दुकान
문장,sentence,वाक्य
문제,problem,संकट
문화,culture,संस्कृति
묻다,ask,पूछना
물,water,पानी
물건,"stuff, thing",चीज़
물론,"sure, of course",बिल्कुल
물어보다,ask,पूछना
뭐,what,क्या
미국,The United States,यूएसए
미래,future,भविष्य
미리,"in advance, beforehand",पहले ही
미술,art,कला
미술관,"art gallery, art museum",आर्ट गैलरी
미안하다,sorry,क्षमा मांगना
미안합니다,I'm sorry.,मुझे माफ़ करें
미용실,beauty salon,ब्यूटी सैलून
미터,meter,मीटर
민속촌,folk village,लोक ग्राम
밀가루,flour,आटा
밀리다,"be shaved, be pushed",अधूरा छोड़ दिया जाए
밑,"bottom, below",तल
바꾸다,change,परिवर्तन
배부르다,be full (I am full.),पूर्ण रहो
배우,actor,अभिनेता
배우다,learn,सीखना
배탈,stomachache,पेट की ख़राबी
백,100,सौ
백화점,department store,डिपार्टमेंट स्टोर
버리다,"abandon, throw away",फेंक देना
버스,bus,बस
번,~ time(s),वां
번호,number,संख्या
벌다,"earn, make money",कमाना
벌써,already,पहले से
벗다,"take off (clothes, shoes)",छंटनी
벚꽃,cherry blossom,चेरी फूल
베이징,Beijing,पेकिंग
베트남,Vietnam,वियतनाम
벽,wall,दीवार
변호사,lawyer,वकील
별,star,तारा
별로,not really,ज़रूरी नहीं
병,"illness, ~ bottle(s)",दल
병원,hospital,अस्पताल
보내다,"send, spend",जाने दो
보다,see,देखना
보도,"sidewalk, report",फ़ुटपाथ
보이다,"show, look",दिखाओ
보통,"usually, normally, in general",आमतौर
복숭아,peach,आड़ू
복잡하다,"complicated, crowded",उलझा हुआ
볶다,fry,चिढ़ाना
볶음밥,fried rice,तला - भुना चावल
볼펜,ballpoint pen,बॉलपॉइंट कलम
봄,spring,वसंत
봉지,bag,पेपर बैग
봉투,envelope,लिफ़ाफ़ा
뵙다,meet,फिर मिलते हैं
부동산,real estate,रियल एस्टेट
부드럽다,"soft, friendly",कोमल
부르다,"call, sing",पुकारना
부모,parents,अभिभावक
빵집,bakery,बेकरी
빼다,"remove, pull, pull out",निकालना
뿐,only,केवल
사,4,खरीदना
사거리,"intersection, four corners",चौराहा
사계절,four seasons,चार मौसम
사고,accident,दुर्घटना
사과,apple,क्षमा माँगना
사다,buy,खरीदना
사람,"person, man",व्यक्ति
사랑,love,प्यार
사랑하다,love,प्यार
사례,"case, example",उदाहरण
사무실,office,कार्यालय
사물,"object, thing",वस्तुओं
사십,40,चालीस
사업가,"entrepreneur, businessman",व्यवसायी
사용하다,use,उपयोग
사원,"temple, employee",मस्जिद
사월,April,अप्रैल
사이,"between, while",बीच में
사이다,cider,साइडर
사이즈,size,आकार
사인하다,sign,संकेत
사장,"CEO, the president",अध्यक्ष
사전,dictionary,शब्दकोष
사진,"picture, photo",चित्र
사진기,camera,कैमरा
사촌,cousin,चचेरा
사탕,candy,कैंडी
사흘,3 days,तीन दिन
산,mountain,पर्वत
산책,walk,टहलना
살,"flesh, ~ year(s) old",मोटा
살다,live,रहना
삼,3,तीन
삼거리,"intersection, three-way intersection",तीनतरफा चौराहा
삼계탕,Samgyetang,समग्येतांग
삼십,30,तीस
삼월,March,मार्च
설렁탕,Seolleongtang,सियोलॉन्गटांग
설명,"explanation, description",स्पष्टीकरण
설명하다,explain,व्याख्या करना
설악산,Mt. Seorak,सोराक्सन पर्वत
설탕,sugar,चीनी
섬,island,द्वीप
성,"castle, last name",किला
성격,personality,व्यक्तित्व
성함,name,नाम
세계,world,दुनिया
세수하다,wash,अपना चेहरा धोना
세우다,"set up, formulate",खड़ा करना
세일하다,have a sale,बिक्री
세탁기,washing machine,वॉशिंग मशीन
세탁소,"dry cleaners, laundromat",धोने लायक कपड़े
센터,center,केंद्र
센티미터,centimeter,सेंटीमीटर
셋,3,तीन
셋째,third,तीसरा
소,"small, cow",गाय
소개,introduction,परिचय
소개하다,introduce,परिचय देना
소고기,beef,गाय का मांस
소금,salt,नमक
소리,"sound, voice",आवाज़
소설,novel,उपन्यास
소설가,novelist,उपन्यासकार
소식,news,ख़बरें
소파,sofa,सोफ़ा
소포,parcel,पैकेट
소풍,"picnic, trip",भ्रमण
소화제,"peptic, digestive",पाचन औषधि
속,inside,अंदर
손,hand,हाथ
손가락,finger,उँगलिया
손님,customer,ग्राहक
손수건,handkerchief,रूमाल
송이,"bunch, flower, cluster",झुंड
쇼핑,shopping,खरीदारी
수건,"towel, washcloth",तौलिया
시다,sour,खट्टा
시디,CD,सीडी
시민,citizen,नागरिक
시설,facility,सुविधाएँ
시외,suburbs,शहर से बाहर
시원하다,"cool, refresh",ठंडा
시월,October,अक्टूबर
시작,start,शुरू
시작되다,begin,शुरू
시작하다,"start, begin",शुरू
시장,market,बाज़ार
시청,city hall,टाउन हॉल
시키다,"make someone do, order",तय करना
시험,"exam, test",परीक्षा
식당,"restaurant, cafeteria",रेस्टोरेंट
식사,meal,खाना
식탁,table,मेज़
신,"god, new",ईश्वर
신다,"put on, wear",लगाओ
신문,newspaper,अखबार
신발,"shoes, footwear",जूते
신청서,application forms,आवेदन फार्म
신청하다,"put in for, apply for",आवेदन करना
실례,excuse,चित्रण
실례하다,be excused,माफ़ करें
실수,"mistake, failure",गलती
싫다,hate,मुझे यह पसंद नहीं है
싫어하다,"dislike, hate",नापसंद
심하다,"severe, terrible",अतिवादी हो
십,10,दस
십이월,December,दिसंबर
십일월,November,नवंबर
싱겁다,not salty,यह नीरस है
싶다,want,हमशक्ल
싸다,"cheap, wrap",सस्ता
싸우다,fight,झगड़ा करना
쌀,rice,चावल
쌀밥,cooked rice,चावल
쌓이다,"stack up, pile up",ढेर
썰다,"chop, cut",भूसा
아흔,90,नब्बे
악기,musical instrument,संगीत के उपकरण
안,"within, not ~",नहीं
안경,glasses,चश्मा
안내하다,"guide, invite",मार्गदर्शक
안녕하세요,"hi, hello",नमस्ते
안녕하십니까,hello,नमस्ते
안다,"embrace, cradle",अपनाना
안전하다,safe,सुरक्षित
앉다,sit,बैठना
알다,know,जानना
알리다,inform,समाधिवाली झंकार
알맞다,"fit, appropriate",उपयुक्त
알았습니다,I understood.,ठीक है
앞,"front, previous",सामने
애,child,बच्चा
액세서리,accessory,सामान
야구,baseball,बेसबॉल
야채,vegetable,सब्ज़ी
약,"about, medicine",लगभग
약간,"slightly, a little",थोड़ा
약국,pharmacy,फार्मेसी
약사,pharmacist,रसायनज्ञ
약속,"appointment, promise",वादा
얇다,thin,पतला
양,"amount, sheep",भेड़
양말,socks,मोज़े
양복,suit,सुविधाजनक होना
양식,"form, western style",खाना
양파,onion,प्याज
얘기하다,talk,बात करना
어깨,shoulder,कंधा
어느,"which, how",कोई
어둡다,dark,अँधेरा
어디,where,कहाँ
어떤,"which, what",कौन
어떻게,how,कैसे
어떻다,how,कैसा रहेगा
어떻습니까?,How is it?,कैसा रहेगा?
어렵다,difficult,कठिन
역사,history,इतिहास
연락처,contact information,संपर्क
연세,age  (honorific form),योनसेई
연습,practice,अभ्यास
연습하다,practice,अभ्यास
연예인,celebrity,प्रसिद्ध व्यक्ति
연필,pencil,पेंसिल
연휴,consecutive holidays,छुट्टी
열,10,गर्मी
열다,open,खुला
열리다,be opened,खुला
열쇠,key,चाबी
열심히,"hard, enthusiastic",कठिन प्रयास
열차,train,रेलगाड़ी
엽서,postcard,पोस्टकार्ड
영,"spirit, zero",शून्य
영국,The United Kingdom,यूके
영상,video,वीडियो
영어,English,अंग्रेज़ी
영어회화,English conversation,अंग्रेजी में वार्तालाप
영하,"minus, below zero",शून्य से नीचे
영화,movie,चलचित्र
영화관,movie theater,सिनेमा
영화배우,movie star,फ़िल्म स्टार
영화표,movie ticket,मूवी का टिकट
옆,side,ओर
예,yes,हाँ
예문,"example, model sentence",उदाहरण वाक्य
예쁘다,"pretty, beautiful",सुंदर
예순,60,साठ
예약,reservation,आरक्षण
옛날,"a long ago, olden days",पुराने दिन
오,5,ओह
오늘,today,आज
오다,come,आना
오래,"long, much",लंबे समय तक
오래간만,after a long time,बहुत दिनों से मुलाकात नहीं हुई
오래간만입니다,Long time no see.,इसे बीते एक अर्सा हो गया है
오랜만,after a long time,बहुत दिनों से मुलाकात नहीं हुई
오랜만에,after a long time,लंबे समय तक
우리나라,"our country, South Korea",कोरिया
우산,umbrella,छाता
우선,first,सबसे पहले
우유,milk,दूध
우체국,post office,पोस्ट ऑफ़िस
우표,stamp,टिकट
운동,exercise,कसरत करना
운동복,"sportswear, gym clothes",खेलों
운동선수,athlete,धावक
운동장,"playground, athletic field",खेल का मैदान
운동하다,exercise,कसरत करना
운동화,sports shoes,स्नीकर्स
운전하다,drive,गाड़ी चलाना
울다,cry,रोना
울리다,"make cry, chime",गूंजना
움직이다,move,कदम
웃기다,"funny, make someone laugh",याक
웃다,laugh,हँसना
원,won (currency units of Korea),एक
원피스,one-piece dress,एक टुकड़ा
원하다,"want, wish, desire",चाहना
월,month,महीना
월급,monthly salary,वेतन
월드컵,world cup,विश्व कप
월세,monthly rent,मासिक किराया
월요일,Monday,सोमवार
웬일,"for some reason,  What was it?",क्यों
위,"top, up",पेट
위치,"location, position",जगह
위하다,"for, in favor of, for the sake of",के लिए
위험하다,dangerous,खतरनाक
유럽,Europe,यूरोप
유리,glass,काँच
유명하다,famous,प्रसिद्ध
유월,June,जून
유학,study abroad,विदेश में अध्ययन करें
유학생,"foreign student, international student",अंतरराष्ट्रीय छात्र
유행,trend,पहनावा
육,6,छह
육십,60,साठ
이해하다,understand,समझना
인,"sign, ~ person(s)",व्यक्ति
인구,population,जनसंख्या
인기,popularity,लोकप्रियता
인기스타,popular star,लोकप्रिय सितारा
인도,India,भारत
인사,greetings,अभिवादन
인사하다,greet,अभिवादन करना
인삼,ginseng,GINSENG
인상,impression,प्रभाव
인천,Incheon,इनचान
인터넷,internet,इंटरनेट
인터뷰하다,interview,साक्षात्कार
인형,doll,गुड़िया
일,"work, 1, day",दिन
일곱,7,सात
일기,diary,डायरी
일기예보,weather forecast,मौसम पूर्वानुमान
일본,Japan,जापान
일본드라마,Japanese drama,जापानी नाटक
일본말,Japanese language,जापानी
일본사람,Japanese people,जापानी
일본어,Japanese language,जापानी
일본요리,Japanese food,जापानी भोजन
일상생활,everyday life,दैनिक जीवन
일식,"Japanese style, Japanese food",जापानी खाना
일어나다,"rise, stand, occur",जागो
일어서다,"get up, stand up",खड़े हो जाओ
일요일,Sunday,रविवार
일월,January,जनवरी
일주일,one week,एक सप्ताह
일찍,early,जल्दी
일하다,work,काम
일흔,70,सत्तर
읽기,reading,पढ़ना
읽다,read,पढ़ना
잃다,lose,खोना
잃어버리다,lose,खोना
입,mouth,मुँह
입구,entrance,प्रवेश द्वार
장마철,rainy season,बरसात का मौसम
장미,rose,गुलाब
장소,place,जगह
장점,advantage,योग्यता
재료,material,INGREDIENT
재미없다,"not funny, uninteresting",यह मजेदार नहीं है
재미있다,interesting,मज़ा
재킷,jacket,जैकेट
저,that,मैं
저거,that,वह एक
저것,that,वह
저곳,over there,वहाँ पर
저기,"there, over there",माफ़ करें
저녁,"dinner, evening, night",रात का खाना
저녁식사,dinner,रात का खाना
저렇게,"like that, in that way",उस तरह
저분,that person,उस व्यक्ति
저쪽,"there, over there",वहाँ पर
저희,we,हम
적,enemy,दुश्मन
적다,"be few, write down",कम हो
전,"all, before",जियोन
전공,major,स्पेशलिटी
전기자동차,electric car,इलेक्ट्रिक कार
전자사전,electronic dictionary,इलेक्ट्रॉनिक शब्दकोश
전하다,tell,देना
전혀,not at all,बिल्कुल भी
전화,telephone,फोन कॉल
전화기,telephone,फ़ोन
전화번호,phone number,फ़ोन नंबर
절,"~ section(s), temple",मैं
절대,"never, absolutely",मुक्ति
젊다,young,जवान रहो
점,point,डॉट
점수,"score, point",अंक
점심,lunch,दिन का खाना
점심시간,lunchtime,लंच टाइम
점심식사,lunch,दिन का खाना
점원,clerk,विक्रेता सहायक
점퍼,jacket,उछलनेवाला
주무시다,"sleep, rest",नींद
주문하다,order,आदेश
주변,around,परिधि
주부,housewife,गृहिणी
주사,injection,इंजेक्शन
주소,address,पता
주스,juice,रस
주위,around,परिवेश
주인,owner,मालिक
주차장,parking lot,पार्किंग स्थल
주차하다,park,पार्क
주황색,orange color,नारंगी
죽,"bamboo, porridge",दलिया
죽다,die,मरना
준비,preparation,तैयारी
준비하다,prepare,तैयार करना
줄,"line, column, string",रेखा
줄다,"shrink, decrease",सिकुड़ना
중,"medium, during",मध्य
중국,China,चीन
중국어,Chinese,चीनी
중국집,Chinese restaurant,चीनी रेस्तरां
중식,Chinese cuisine,चीनी भोजन
중심,center,केंद्र
중요,importance,महत्त्व
중요하다,important,महत्वपूर्ण
중학교,"middle school, Junior high school",मिडिल स्कूल
중학생,middle school student,मध्य विद्यालय के छात्र
즐거워하다,have fun,खुश रहो
즐겁다,"fun, be pleasant",सुखद हो
즐기다,"enjoy, have fun",आनंद लो
증세,"symptom, medical condition",कर वृद्धि
지각,"tardy, being late",धारणा
지갑,wallet,बटुआ
지금,now,अब
지나다,pass by,के पास से निकला
지난달,last month,पिछला महीना
지난번,last time,पिछली बार
지난주,last week,पिछले सप्ताह
지내다,"stay, spend, live",करना
책상,desk,मेज़
책임,responsibility,ज़िम्मेदारी
책장,bookshelf,किताबों की अलमारी
처음,"first, for the first time",पहला
처음 뵙겠습니다,Nice to meet you.,आपसे मिलकर अच्छा लगा
천,1000,कपड़ा
천천히,slowly,धीरे से
철,"iron, season",इस्पात
첫,first,पहला
첫째,first,पहला
청바지,blue jeans,जींस
청소기,vacuum cleaner,वैक्यूम क्लीनर
청소하다,"sweep, clean",साफ
초,~second(s),मोमबत्ती
초대하다,invite,आमंत्रित करना
초등학교,elementary school,प्राथमिक स्कूल
초등학생,elementary student,प्राथमिक स्कूल के छात्र
초록색,green color,हरापन
초콜릿,chocolate,चॉकलेट
촬영하다,take a picture,गोली मार
최고,"best, the highest",श्रेष्ठ
추다,dance,नृत्य
추석,Chusoku (Korean Thanksgiving Day),चुसेक
추억,memory,याद
축구,"football, soccer",फुटबॉल
축제,festival,उत्सव
축하,celebration,बधाई
축하하다,celebrate,बधाई
축하합니다,congratulations,बधाई हो
출구,exit,बाहर निकलना
출근하다,go to work,काम पर जाना
출발,"start, departure",प्रस्थान
출발하다,depart,प्रस्थान
출장,business trip,व्यापार यात्रा
춤,dance,नृत्य
춤추다,dance,नृत्य
춥다,cold,ठंडा
취미,hobby,शौक
취소하다,cancel,रद्द करना
취직하다,get a job,नौकरी मिलना
킬로그램,kilogram,किलोग्राम
킬로미터,kilometer,किलोमीटर
타다,"ride, get on",सवारी
타월,towel,तौलिया
탁구,table tennis,टेबल टेनिस
태국,Thailand,थाईलैंड
태권도,Taekwondo,तायक्वोंडो
태어나다,be born,उत्पन्न होना
태풍,typhoon,आंधी
택시,taxi,टैक्सी
탤런트,entertainers,प्रतिभा
터미널,terminal,टर्मिनल
테니스,tennis,टेनिस
테이블,table,मेज़
텔레비전,TV,टेलीविजन
토마토,tomato,टमाटर
토요일,Saturday,शनिवार
통,"barrel, ~ package(s)",CONTAINER
통장,"bank book, (deposit) passbook",बैंक की पुस्तक
통하다,"pass, lead",उत्तीर्ण
퇴근하다,leave the office,काम छोड़
특별히,especially,विशेष रूप से
특징,"characteristic, feature",विशेषता
특히,"especially, in particular",विशेष रूप से
틀다,turn on (the switch),चालू करो
틀리다,wrong,मुड़ जाओ
티셔츠,t-shirt,टी शर्ट
팀,team,टीम
파,"wave, green onion",हरी प्याज
파란색,blue color,नीला
파랗다,blue,नीला
파티,party,दल
팔,8,आठ
팔다,sell,बेचना
팔리다,"sell, be sold",बेचना
팔십,80,अस्सी
팔월,August,अगस्त
패션,fashion,पहनावा
퍼센트,percent,प्रतिशत
페이지,page,पेज
학년,"grade, school year",श्रेणी
학생,student,विद्यार्थी
학생증,student ID card,स्टूडेंट आईडी
학원,"academy, school",अकादमी
한,"one, one of the ~",एक
한강,"Han River, Hangang",हान नदी
한국,Korea,कोरिया
한국드라마,Korean drama,कोरियाई नाटक
한국말,Korean language,कोरियाई
한국사람,Korean people,कोरियाई लोग
한국어,Korean language,कोरियाई
한국요리,Korean cuisine,कोरियाई व्यंजन
한글,Hangul,कोरियाई
한번,once,एक बार
한복,"Hanbok, Korean traditional clothes",हनबोक
한식,Korean cuisine,कोरियाई भोजन
한자,Chinese character,चीनी पात्र
할머니,grandmother,दादी
할아버지,grandfather,दादा
할인,"sale, discount",छूट
함께,together,एक साथ
합격,pass,उत्तीर्ण
항상,always,हमेशा
해,"year, sun",सूरज
해외,overseas,प्रवासी
해외여행,overseas trip,समुद्रपार की यात्रा
핸드폰,"cell phone, mobile phone",सेलफोन
햄버거,hamburger,हैमबर्गर
햇빛,"sunshine, sunlight",सूरज की रोशनी
행복,happiness,ख़ुशी
행복하다,happy,खुश
행사,event,आयोजन
허리,"waist, hip",कमर
현금,cash,नकद
현재,"now, current",आज
형,brother (as seen from the younger brother),भाई
형님,big brother (honorific form),बड़े भाई
형제,sibling,भाई बहन
호,No. ~,पसंद
호랑이,tiger,चीता
감사하다,"thank, appreciate",धन्यवाद
감사합니다,thank you,धन्यवाद
감자,potato,आलू
감자탕,"Gamjatang, potato soup",गमजतांग
갑자기,suddenly,अचानक
값,price,कीमत
강,river,नदी
강아지,puppy,कुत्ते का पिल्ला
강좌,lecture,कुर्सी
갖다,have,लेना
같다,same,वही
같이,together,एक साथ
개,"dog, ~ piece(s)",कुत्ता
개나리,forsythia,फोर्सिथिया
개인,individual,व्यक्ति
거기,there,वहाँ
거리,street,दूरी
거실,living room,बैठक कक्ष
거울,mirror,आईना
거의,"almost, nearly",लगभग
거짓말,lie,झूठ
걱정,"anxiety, concern",चिंता
걱정하다,worry,चिंता
건강,health,स्वास्थ्य
건강하다,be healthy,स्वस्थ
건너가다,cross (a road),पार करना
건너다,cross over,खत्म हो जाना
건너편,"other side, opposite side",सड़क के पार
건물,building,इमारत
건배,"cheers, toast",प्रोत्साहित करना
걷다,walk,टहलना
걸다,"bet, call",लटकाना
걸리다,"get caught, take (time)",लटकाना
걸어가다,walk (go),टहलना
걸어오다,walk (come),टहलना
검은색,black,काला
것,"that, thing, it",चीज़
게임,game,खेल
겨울,winter,सर्दी
겨울방학,winter vacation,सर्दी की छुट्टीयां
골목,alley,गली
골프,golf,गोल्फ़
곱다,beautiful,सुंदर
곳,place,जगह
공,ball,गेंद
공간,space,अंतरिक्ष
공기,air,वायु
공무원,public official,सार्वजनिक अधिकारी
공부,study,अध्ययन
공부하다,study,अध्ययन
공연,"show, public performance",प्रदर्शन
공원,park,पार्क
공중전화,"payphone, public phone",सार्वजनिक फ़ोन
공짜,free,मुक्त
공책,"notebook, note",नोटबुक
공항,airport,हवाई जहाज
공휴일,public holiday,सार्वजनिक छुट्टियाँ
과,division,कक्षा
과거,past,अतीत
과일,fruit,फल
과자,snack,नाश्ता
과학,science,विज्ञान
관계,relation,संबंध
관광하다,"travel, sightsee",दर्शनीय स्थलों की यात्रा
관심,"attention, interest",दिलचस्पी
광고,advertisement,विज्ञापन
괜찮다,be okay,कोई बात नहीं
괜찮습니다,It's fine.,कोई बात नहीं
교과서,textbook,पाठयपुस्तक
교수,professor,प्रोफ़ेसर
교실,classroom,कक्षा
교체,"substitute, change",बदलाव
교통,traffic,ट्रैफ़िक
교통사고,traffic accident,कार दुर्घटना
교회,church,गिरजाघर
구,9,नौ
구경하다,take a look,घड़ी
구두,shoes,जूते
구름,cloud,बादल
구십,90,नब्बे
그리고,and,और
그리다,draw,खींचना
그림,"drawing, picture",चित्रकारी
그만,"stop, finish",रुकना
그분,"his, the person",उसे
그저께,day before yesterday,परसों
그중,among them,उनमें से
그쪽,"there, the person",वहाँ पर
그치다,"stop, end, cease",रुकना
극장,"theater, cinema",थिएटर
근처,"nearby, neighborhood",आस-पास
글,"post, sentence, character",लिखना
글쎄요,"I do not know., well, I guess ~",कुंआ
금방,"soon, a little while ago",बिल्कुल अभी
금연,no smoking,धूम्रपान निषेध
금요일,Friday,शुक्रवार
금주,"abstinence, temperance",संयम
급,"class, grade",कक्षा
급하다,"hurry, urgent",यह बहुत आवश्यक है
기간,"term, period",अवधि
기다리다,wait,इंतज़ार
기르다,"cultivate, grow",खेती
기름,"oil, gasoline",तेल
기분,feeling,मनोदशा
기뻐하다,"glad, delight",आनंद
기쁘다,happy,खुश
기사,"article, driver, engineer",लेख
기숙사,dormitory,छात्रावास
기억하다,remember,याद करना
기온,temperature,तापमान
기자,reporter,रिपोर्टर
기차,train,रेलगाड़ी
기침,cough,खाँसी
기타,other,वगैरह
긴장되다,be nervous,घबरा जाना
길,"way, road",सड़क
길다,long,लंबा
김,seaweed,समुद्री शैवाल
김밥,Kimbab,kimbap
김치,Kimchi,किम्ची
남기다,leave,छुट्टी
남녀,men and women,पुरुषों और महिलाओं
남대문시장,Namdaemun market,नमदामुन बाज़ार
남동생,younger brother,छोटा भाई
남미,South America,दक्षिण अमेरिका
남북,north and south,उत्तर और दक्षिण
남자,man,आदमी
남쪽,south,दक्षिण
남편,husband,पति
남학생,male student,लड़का
낮,"day, noon, during the day",दोपहर
낮다,low,नीचे
내,"of mine, my",मेरा
내가,I,मैं
내과,internal medicine,दवा
내년,next year,अगले साल
내다,"pay, put out",देना
내려가다,go down,नीचे जाना
내려오다,come down,नीचे आओ
내리다,go down,उतर जाओ
내용,content,विवरण
내일,tomorrow,कल
냄비,pot,बर्तन
냄새,smell,गंध
냉면,cold noodle,ठंडे नूडल्स
냉장고,refrigerator,रेफ़्रिजरेटर
너,you,आप
너무,"too, very",बहुत
넓다,wide,चौड़ा
넘다,"exceed, more than",से अधिक
넘어지다,"fall down, fall",ढहना
넣다,put in,जोड़ देना
네,"yes, 4",हाँ
넥타이,necktie,बाँधना
넷,4,चार
넷째,fourth,चौथी
년,year,वर्ष
노란색,yellow color,पीला
노랗다,yellow,पीला
노래,song,गाओ
다음달,next month,अगले महीने
다음주,next week,अगले सप्ताह
다음해,"next year, following year",अगले साल
다이어트,diet,आहार
다치다,hurt,हानि
닦다,"wipe, polish",पॉलिश
단어,word,शब्द
단점,"disadvantage, shortcoming, drawback",हानि
닫다,close,बंद करना
닫히다,"shut, close",बंद
달,"month, moon",चंद्रमा
달걀,egg,अंडा
달다,sweet,तौलना
달러,dollar,डॉलर
달력,calendar,कैलेंडर
달리다,run,दौड़ना
닭,"chicken, hen",मुर्गा
닭고기,chicken,मुर्गा
닮다,resemble,सदृश होना
담그다,"dip, pickle",डुबोना
담배,tobacco,सिगरेट
답장,reply,जवाब
당근,carrot,गाजर
당신,you,आप
대,"versus, large",बड़ा
대답,answer,उत्तर
대답하다,"answer, reply",उत्तर
대부분,"mostly, almost",ज्यादातर
대사관,embassy,दूतावास
대학,"university, college",विश्वविद्यालय
대학교,"university, college",विश्वविद्यालय
대학생,college student,अकादमिक
대학원,graduate school,ग्रेजुएट स्कूल
대학원생,"postgraduate student, graduate student",स्नातकोत्तर विद्यार्थी
대한민국,"Republic of Korea, South Korea",कोरिया
대화,"conversation, dialogue",बातचीत
대회,"competition, tournament",रैली
댁,house,डाक
더,more,अधिक
더럽다,dirty,गंदा
두부,tofu,टोफू
두부찌개,tofu soup,टोफू स्टू
둘,2,दो
둘째,"second, the second of~",दूसरा
뒤,"rear, back",पीछे
뒤쪽,"behind, back, towards the rear",पीछे
드라마,drama,नाटक
드리다,give,चोटी
드시다,eat (honorific form),खाओ
듣기,"listening, hearing",सुनवाई
듣다,listen,सुनना
들,"field, ~s,",मैदान
들다,"hold, enter",पकड़ना
들어가다,"go in, enter",प्रवेश करना
들어오다,"come in, enter",अंदर आएं
등,"etc, back",वगैरह।
등산,"hiking, mountain-climbing",पर्वतारोहण
등산복,mountaineering clothing,पर्वतारोहण के कपड़े
등산화,"hiking boots, climbing shoes",लंबी पैदल यात्रा के जूते
디브이디,DVD,डीवीडी
디자인,design,डिज़ाइन
따뜻하다,warm,गरम
따라가다,follow,अनुसरण करना
따라오다,"come with, follow",अनुसरण करना
따로,separately,अलग से
따르다,follow,अनुसरण करना
딸,daughter,बेटी
딸기,strawberry,स्ट्रॉबेरी
땀,sweat,पसीना
때,time,उन दिनों
때문,"because, for ~, so~",क्योंकि
떠나다,leave,छुट्टी
떠들다,"chatter, make a noise",उठाना
떡,rice cake,चावल का केक
떡국,rice cake soup,tteokguk
떡볶이,Toppogi,tteokbokki
떨어지다,drop,उतर जाओ
또,"in addition, again",भी
또는,or,या
똑같다,same,यह ऐसा ही है
매다,tie,बाँधना
매우,"extremely, very",बहुत
매일,everyday,रोज रोज
매주,every week,प्रत्येक सप्ताह
맥주,beer,बियर
맵다,spicy,मसालेदार
머리,"head, hair",सिर
먹다,eat,खाओ
먼저,"first, first of all, before",पहला
멀다,"far, distant, long",दूर रहो
멋있다,"cool, nice",स्टाइलिश
메뉴,menu,मेनू
메다,"shoulder, carry",मेडा
메모,memo,ज्ञापन
메시지,message,संदेश
멕시코,Mexico,मेक्सिको
며칠,"a few days, what date",कुछ दिन
면도,"razor, shaving",हजामत बनाने का काम
명,~ person(s),लोगों की संख्या
명절,"holidays, annual events",छुट्टी
몇,"a few, a number of",कुछ
모두,"all, everyone",प्रत्येक
모레,the day after tomorrow,परसों
모르겠습니다,I don't know.,मुझें नहीं पता
모르다,do not know,पता नहीं
모시다,"take you, serve you  (honorific form)",देवता-सदृश पूजा करना
모양,"shape, form, style",आकार
모으다,"collect, gather",इकट्ठा करना
모이다,"gather, get together",एकाग्र
모임,"meeting, gathering",कक्षा
모자,hat,टोपी
목,"neck, throat",गरदन
목걸이,necklace,गले का हार
목소리,voice,आवाज़
목요일,Thursday,गुरुवार
목욕,"bath, bathing",नहाना
목욕하다,take a bath,स्नान करो
목적,purpose,उद्देश्य
몸,body,शरीर
몸살,"sickness, disease that comes from fatigue",शरीर में दर्द
바뀌다,be changed,वीर
바나나,banana,केला
바다,sea,महासागर
바닷가,beach,समुद्र तट
바라다,hope,आशा
바람,wind,हवा
바로,"immediately, soon, just",जैसे ही
바르다,"right, paint, wear",सही
바쁘다,busy,व्यस्त
바이올린,violin,वायलिन
바지,pants,पैंट
박물관,museum,संग्रहालय
박수,"clap, applause",ताली
밖,"out, outside",बाहर
반,"half, group",आधा
반갑다,"nice to meet, happy",आपसे मिलकर अच्छा लगा
반갑습니다,Nice to meet you.,आपसे मिलकर अच्छा लगा
반년,half a year,आधा साल
반달,half-moon,आधा चंद्रमा
반바지,shorts,शॉर्ट्स
반지,ring,अँगूठी
반찬,side dish,सह भोजन
받다,receive,प्राप्त करें
발,"foot, leg",पैर
발가락,toe(s),पैर की अंगुली
발음,pronunciation,उच्चारण
발전,development,विद्युत उत्पादन
발표,"announcement, presentation",प्रस्तुति
밝다,bright,चमकदार
밤,night,रात
밥,"rice, meal",चावल
방,room,कमरा
방법,"way, method",तरीका
방송,broadcast,प्रसारण
방송국,broadcast stations,प्रसारण स्टेशन
방학,vacation,छुट्टी
배,"ship, stomach, pear",जहाज
배고프다,hungry,भूखा
배구,volleyball,वालीबाल
배달,delivery,वितरण
부부,"couple, husband and wife, married couple",शादीशुदा जोड़ा
부산,Busan,बुसान
부업,sideline,अप्रधान व्यवसाय
부엌,kitchen,रसोईघर
부인,"wife, Mrs.",महोदया
부장,director,प्रबंधक
부지런하다,diligent,परिश्रमी
부치다,"send, fry, transmit",भेजना
부탁,"request, please",पूछना
부탁하다,"beg, ask",कृपया
북쪽,North,उत्तर
분,"~ person(s), ~ minute(s)",मिनट
분위기,#N/A,वायुमंडल
불,"fire, electrical light",आग
불고기,"Bulgogi, grilled meat",बुल्गोगी
불다,"blow (wind or whistle, musical instruments, etc.)",फूँक मारना
불편하다,"uncomfortable, inconvenient",असुविधाजनक
붓다,pour,बहना
붙다,"stick, pass a test",उत्तीर्ण
붙이다,"attach, stick",संलग्न करना
브라질,Brazil,ब्राज़िल
블라우스,blouse,ब्लाउज
비,rain,बारिश
비누,soap,साबुन
비디오,video,वीडियो
비밀,secret,गुप्त
비빔밥,"Bibimbap, mixed rice",बिबिंबैप
비슷하다,"similar, like",समान
비싸다,expensive,महँगा
비행기,airplane,हवाई जहाज
비행장,"airfield, airport",एयरफील्ड
빌딩,building,इमारत
빌리다,"borrow, lend",उधार
빠르다,fast,तेज़
빨간색,red color,लाल
빨갛다,red,यह लाल है
빨다,"suck, do laundry",चूसना
빨래,"laundry, wash",धोना
빨리,quickly,जल्दी
빵,bread,रोटी
삼촌,paternal uncle,चाचा
상관,relation,चिंता
상자,box,डिब्बा
상처,"wound, scratch",घाव
상품,product,चीज़ें
새,"bird, new",चिड़िया
새로,newly,नया
새벽,"dawn, late at night, early morning",भोर
새우,shrimp,झींगा
색,color,रंग
색깔,color,रंग
샌드위치,sandwich,सैंडविच
생각,"thinking, thought",सोचा
생각되다,"be considered, it seems~",सोचना
생각하다,think,सोचना
생기다,"form, arise",घटित होना
생선,fish,मछली
생신,birthday  (honorific form),जन्मदिन
생일,birthday,जन्मदिन
생활,life,ज़िंदगी
샤워하다,take a shower,शॉवर लें
샴푸,shampoo,शैम्पू
서다,stand,खड़ा होना
서로,"each other, both",एक दूसरे
서류,document,दस्तावेज़
서른,30,तीस
서비스,service,सेवा
서양,"western, west",पच्छम
서울,Seoul,सोल
서울역,Seoul station,सियोल स्टेशन
서점,bookstore,किताबों की दुकान
서쪽,"west, western",पश्चिम
선물,"gift, present",उपहार
선배,"elder, senior",वरिष्ठ
선생님,teacher,अध्यापक
선수,player,खिलाड़ी
선택하다,"choose, select",चुनना
선풍기,fan,बिजली का पंखा
설거지,"washing dishes, dish-washing",बर्तन धोना
설날,Lunar New Year,नया साल
수도,"capital, water supply",पूंजी
수돗물,tap water,नल का जल
수박,watermelon,तरबूज
수술하다,operate on for,प्रचालन
수업,"class, lesson",कक्षा
수영,swimming,तैरना
수영복,swimsuit,बिकनी
수영장,swimming pool,स्विमिंग पूल
수요일,Wednesday,बुधवार
수저,chopsticks and a spoon,चम्मच और चॉपस्टिक
수첩,"note, notebook",नोटबुक
수학,mathematics,गणित
숙제,homework,गृहकार्य
순서,"order, turn",आदेश
숟가락,spoon,चम्मच
술,"alcohol, liquor",शराब
쉬다,rest,आराम
쉰,50,कर्कश
쉽다,easy,आसान होना
슈퍼마켓,supermarket,सुपरमार्केट
스물,20,बीस
스웨터,sweater,स्वेटर
스케이트,skate,स्केट
스키,"ski, skiing",स्की
스키장,ski resort,स्की रिसॉर्ट
스타,star,तारा
스타킹,stockings,मोज़ा
스트레스,stress,तनाव
스페인어,Spanish,स्पैनिश
스포츠,sport,खेल
슬퍼하다,"sorrow, mourn",म्लान होना
슬프다,sad,दुखद
습관,habit,आदत
시,"city, time",शहर
시간,time,घंटा
시간표,"schedule, timetable",समय सारिणी
시계,clock,घड़ी
시골,countryside,ग्रामीण क्षेत्र
시끄럽다,noisy,यहाँ शोर हो रहा है
시내,"downtown, city, stream",शहर
쓰기,"writing, dictation",लिखना
쓰다,"write, use, wear (glasses)",लिखना
쓰레기,garbage,कचरा
쓰이다,"be written, be used",सेवा करना
씨,"seed, Mr. ~",बीज
씩,"each, every, per",हर बार
씹다,"chew, bite",चबाना
씻다,wash,धोना
아가씨,"Miss, daughter",याद
아기,"baby, toddler",बच्चा
아까,"earlier, while ago",एक क्षण पहले
아내,wife,पत्नी
아뇨,no,नहीं
아니다,no,नहीं
아니오,no,नहीं
아니요,no,नहीं
아들,son,बेटा
아랍어,Arabic,अरबी
아래,"bottom, under",अंतर्गत
아름답다,beautiful,सुंदर
아마,"maybe, perhaps",शायद
아무,any,कोई
아버님,father,पिता
아버지,father,पिता
아빠,dad,पापा
아시아,Asia,एशिया
아이,child,बच्चा
아이스크림,ice cream,आइसक्रीम
아저씨,"uncle, mister",श्रीमान
아주,"very, completely",बहुत
아주머니,"old lady, madame, aunt",महोदया
아줌마,"old lady, madame, aunt",चाची
아직,"yet, still",अभी तक
아침,"morning, breakfast",सुबह
아침밥,breakfast,नाश्ता
아침식사,breakfast,नाश्ता
아파트,"apartment, mansion",अपार्टमेंट
아프다,"painful, sick",बीमार
아프리카,Africa,अफ़्रीका
아홉,9,नौ
어른,adult,वयस्क
어리다,young,युवा
어린이,child,बच्चे
어머,"oh, well",ओह
어머니,mother,माँ
어머님,mother,माँ
어서,"hurry, quickly",जल्दी
어울리다,"look good on, befit",समान होना
어저께,yesterday,कल
어제,yesterday,कल
어젯밤,last night,कल रात को
언니,sister (as seen from the younger sister),बहन
언제,when,कब
언제나,"always, anytime",हमेशा
얼굴,face,चेहरा
얼마나,how much,कितना
얼음,ice,बर्फ़
엄마,mom,माँ
없다,"none, no, not",मौजूद नहीं
없이,without,बिना
에어컨,air conditioner,एयर कंडीशनिंग
엔,yen,एन
엘리베이터,elevator,लिफ़्ट
여권,passport,पासपोर्ट
여기,here,यहाँ
여기저기,here and there,इधर - उधर
여덟,8,आठ
여동생,younger sister,छोटी बहन
여든,80,अस्सी
여러,"various, many",अनेक
여러가지,"several, various",विभिन्न
여러분,"everyone, ladies and gentlemen",सब लोग
여름,summer,गर्मी
여보세요,hello,नमस्ते
여섯,6,छह
여자,woman,महिला
여학생,female student,छात्रा
여행,travel,यात्रा
여행사,"travel agency, travel firm",ट्रैवल एजेंसी
역,station,स्टेशन
오랫동안,for a long time,कब का
오렌지,orange,नारंगी
오르다,climb,उठना
오른쪽,"right side, right",सही
오리,duck,बत्तख
오빠,brother (as seen from the younger sister),भाई
오십,50,पचास
오월,May,मई
오이,cucumber,खीरा
오전,"morning, a.m.",सुबह
오징어,squid,calamari
오후,afternoon,दोपहर
올라가다,go up,ऊपर जाना
올라오다,come up,आएं
올려놓다,"put on, place",उम्मीदवार होना
올림픽,olympic,ओलंपिक
올해,this year,इस साल
옮기다,"move, transfer, translate",कदम
옷,"dress, clothes",कपड़े
옷가게,clothing store,कपड़ों की दुकान
옷장,closet,कपड़े की अलमारी
와이셔츠,shirt,औपचारिक शर्ट
왜,why,क्यों
왜냐하면,because,क्योंकि
외국,foreign country,विदेश
외국어,foreign language,विदेशी भाषा
외국인,foreigner,परदेशी
외롭다,lonely,अकेला
외삼촌,maternal uncle,मामा
외숙모,maternal aunt,मामी
외출하다,go out,बाहर जाओ
외할머니,maternal grandmother,नानी
외할아버지,maternal grandfather,मातृक नाना
왼쪽,left,बाएं
요금,fee,शुल्क
요르단,Jordan,जॉर्डन
요리,"cooking, cuisine",खाना बनाना
요일,day of the week,सप्ताह का दिन
요즘,"nowadays, around this time, lately",हाल ही में
우리,"we, us",हम
은행,bank,किनारा
은행원,bank clerk,बैंक क्लर्क
음료수,"drink, soft drink",पीना
음반,record,अभिलेख
음식,"food, cooking",खाना
음악,music,संगीत
음악가,musician,संगीतकार
응,Yeah (answer),हुह
의미,meaning,अर्थ
의사,doctor,चिकित्सक
의자,chair,कुर्सी
이,"this, tooth, 2",यह
이거,this,यह
이것,this,यह
이곳,"this place, here",यहाँ
이따가,later,बाद में
이런,"this, such ~",यह
이렇게,"like this, so, in this way",इस कदर
이렇다,like this,तो ये बात है
이름,name,नाम
이메일,e-mail,ईमेल
이모,maternal aunt,चाची
이모부,maternal uncle,चाचा
이번,this time,इस बार
이분,this person,इस व्यक्ति
이사,"move, moving",कदम
이상,"more than, strange",अधिक
이상하다,"strange, funny, weird",अजीब
이십,20,बीस का दशक
이야기,story,कहानी
이야기하다,talk,बात करना
이용,usage,उपयोग
이용하다,use,उपयोग
이월,February,पर ले जाया गया
이유,reason,कारण
이제,now,अब
이집트,Egypt,मिस्र
이쪽,"this way, here, this person",इस तरह
이틀,two days,दो दिन
이해,understanding,समझ
입다,"put on, wear",लगाओ
입원하다,hospitalize,अस्पताल में भर्ती होना
입학,admission,विद्यालय में प्रवेश
있다,"have, there",वहाँ है
잊다,forget,भूल जाओ
잊어버리다,forget,भूल जाओ
자,"character, Here we go.",शासक
자기,"myself, own",खुद
자다,sleep,नींद
자동차,"car, automobile",ऑटोमोबाइल
자동차회사,car company,कार कंपनी
자료,"material, document",डेटा
자르다,cut,काटना
자리,"seat, location",सीट
자신,"myself, own",स्वयं
자연,nature,प्रकृति
자유,freedom,स्वतंत्रता
자장면,Jajangmyeon,jajangmyeon
자전거,bicycle,साइकिल
자주,often,अक्सर
작년,last year,पिछले साल
작다,small,छोटा हो
작은아버지,uncle,चाचा
작은어머니,aunt,चाचा
잔,"glass, ~ cup(s)",काँच
잔치,"party, feast",दावत
잘,well,कुंआ
잘못,mistake,गलत
잘생기다,handsome,आकर्षक
잘하다,"do well, good at",अच्छा करें
잠,"slumbers, sleep",नींद
잠깐,"for a while, a little",एक पल के लिए
잠시,"for a bit, for a while, a little",एक पल के लिए
잠자다,"sleep, go to bed",नींद
잡다,"catch, grab, hold",ग्रेपल
잡수시다,eat (honorific form),चलो खाते हैं
잡지,magazine,पत्रिका
장,"~ chapter(s), ~ sheet(s)",पेज
장갑,gloves,दस्ताने
장마,rainy season,बरसात का मौसम
젓가락,chopsticks,चीनी काँटा
정거장,"station, depot",रुकना
정도,degree,डिग्री
정류장,"station, bus stop",रुकना
정리하다,"straighten out, organize",आयोजन
정말,"really, truly",वास्तव में
정문,"front door, main gate",फाटक
정보,information,जानकारी
정하다,"choose, establish",तय करना
제가,I,मैं हूँ
제목,title,शीर्षक
제일,most,अधिकांश
제주도,Jeju Island,जाजू द्वीप
조금,a little,थोड़ा
조사하다,investigate,जाँच करना
조선,"shipbuilding, Korea",जहाज निर्माण
조선말,Korean language,जोसोन भाषा
조선어,Korean language,कोरियाई
조심하다,"be careful, warn",ध्यान से
조용하다,"silent, quiet",शांत
조용히,quietly,चुपचाप
조카,nephew,भतीजा
졸업,graduation,स्नातक
졸업하다,graduate,स्नातक
좀,a little,थोड़ा
좀더,a little more,अधिक
좁다,narrow,सँकरा
종로,Jong-ro,जोंगनो
종류,"kind, type",प्रकार
종업원,employee,कर्मचारी
종이,paper,कागज़
종일,all day,दिन भर
좋다,good,शुभ रात्रि
좋아하다,like,पसंद
죄송하다,sorry,क्षमा मांगना
주,week,मुख्य
주다,give,देना
주로,mainly,ज्यादातर
주말,weekend,सप्ताहांत
주머니,"pocket, pouch",जेब
지다,lose,खोना
지도,map,नक्शा
지방,"fat, region",प्रांत
지우개,eraser,रबड़
지키다,protect,रक्षा करना
지하,underground,भूमिगत
지하도,underpass,सुरंग
지하철,subway,भूमिगत मार्ग
지하철역,subway station,सबवे स्टेशन
직업,"job, profession",काम
직원,"employee, staff",कर्मचारी
직장,workplace,रेक्टल
직접,"directly, direct",सीधे
진달래,azalea,Azalea
질,quality,गुणवत्ता
질문,question,सवाल
질문하다,ask a question,प्रश्न पूछें
짐,"load, baggage",भार
집,"house, shop",घर
짓다,"build, create",लिखें
짜다,"salty, make (the plan)",नमकीन
짜리,a value (won coin),बड़ा
짧다,short,छोटा
쪽,"side, page",ओर
쯤,"about, around ~",के बारे में
찌개,"stew, soup",शोरबा
찍다,"pierce, take (a photo), press",कुल्हाड़ी से काटना
차,"car, tea",कार
차갑다,cold,ठंडा
차다,kick,ठंडा
차리다,"prepare, arrange",तैयार करना
착하다,"be good, friendly",दयालु
참,"really, very",वास्तव में
창문,window,खिड़की
찾다,"find, visit",खोजो
찾아가다,go to visit,मिलने जाना
찾아오다,come to visit,आओ घूम जाओ
채소,vegetable,सब्ज़ी
책,book,किताब
책방,bookstore,किताबों की दुकान
층,"layer, ~ floor",ज़मीन
치과,"dentist, dentistry",दंतचिकित्सा
치료하다,treat,इलाज
치마,skirt,स्कर्ट
치약,toothpaste,टूथपेस्ट
친구,friend,दोस्त
친절하다,be kind,अच्छा
친척,relative,रिश्तेदार
친하다,"close, familiar",दोस्ताना
칠,7,सात
칠십,70,सत्तर
칠월,July,जुलाई
칠판,blackboard,ब्लैकबोर्ड
침대,bed,बिस्तर
칫솔,toothbrush,टूथब्रश
카드,card,कार्ड
카레,curry,करी
카메라,camera,कैमरा
카페,"cafe, coffee shops",कैफ़े
칼,"knife, cutlery, swords",चाकू
캐나다,Canada,कनाडा
커피,coffee,कॉफी
커피숍,coffee shop,कॉफी की दुकान
컴퓨터,"computer, PC",कंप्यूटर
컵,cup,कप
케이크,cake,केक
켜다,"turn on (the light, the power, etc.)",देखा
코,nose,नाक
코트,coat,परत
코피,nosebleed,नकसीर
콜라,Coke,कोला
콧노래,humming,गिनगिनानेवाला
콧물,"snot, nasal discharge",गुस्ताख़
콩,"bean, soy",बीन
크기,size,आकार
크다,"big, large",बड़ा
크리스마스,Christmas,क्रिसमस
큰아버지,uncle,चाचा
큰어머니,aunt,सबसे बड़ी माँ
키,"key, height",चाबी
펜,pen,कलम
펴다,"spread, stretch",फैलाना
편,"side, episode",ओर
편지,letter,पत्र
편하다,"comfortable, easy, convenient",आराम
평양,Pyongyang,फियोंगयांग
평일,weekday,काम करने के दिन
포도,grape,अंगूर
포장,packing,पैकेजिंग
표,"table, ticket",ग्राफ
표현,expression,अभिव्यक्ति
푹,deeply,गहरा
풀,"pool, grass",घास
풀다,solve,खंडित
프랑스,France,फ्रांस
프로그램,program,कार्यक्रम
프린트,print,छपाई
피,blood,खून
피곤하다,tired,मैं थक गया हूं
피다,bloom,खिलना
피아노,piano,पियानो
피우다,"smoke, bloom",धुआँ
피자,pizza,पिज़्ज़ा
필름,film,पतली परत
필요,necessity,ज़रूरी
필요하다,need,ज़रूरत
필통,pencil case,क़लमदान
하나,1,एक
하늘,sky,आकाश
하늘색,"sky blue, light blue",आसमानी नीला
하다,"do, say",करना
하루,one day,दिन
하숙,"boarding house, lodging house",अस्थायी आवास
하숙집,"boarding house, lodging house",आवासीय घर
하얀색,white color,सफ़ेद
하얗다,white,यह सफ़ेद है
하지만,"but, however",लेकिन
학,crane,क्रेन
학교,school,विद्यालय
학기,semester,अवधि
호주,Australia,ऑस्ट्रेलिया
호텔,hotel,होटल
혼자,alone,अकेला
홈페이지,home page,मुखपृष्ठ
홍차,black tea,काली चाय
화,anger,रोष
화가,"artist, painter",कलाकार
화나다,angry,क्रोध करना
화내다,get angry,क्रोध करना
화요일,Tuesday,मंगलवार
화장실,"restroom, toilet, lavatory",पाख़ाना
화장품,cosmetics,प्रसाधन सामग्री
화장하다,makeup,पूरा करना
확인하다,"confirm, check",जाँच करना
환영하다,welcome,स्वागत
환자,patient,मरीज़
회사,company,कंपनी
회사원,employee,कर्मचारी
회색,grey,स्लेटी
회의,conference,बैठक
횡단보도,crosswalk,क्रॉसवॉक
후,after,बाद
후배,Junior,कनिष्ठ
휴가,"vacation, holiday",छुट्टी
휴대전화,"cell phone, mobile phone",चल दूरभाष
휴일,holiday,छुट्टी का दिन
휴지,toilet paper,ऊतक
휴지통,trash can,कूड़े की टोकरी
흐리다,cloudy,धुंधला
흰색,white color,सफ़ेद
힘,power,ताकत